<?xml version="1.0"?>
<!--<!DOCTYPE metadata SYSTEM "http://www.esri.com/metadata/esriprof80.dtd">-->
<metadata xml:lang="es"><Esri><CreaDate>20130228</CreaDate><CreaTime>16001000</CreaTime><SyncOnce>TRUE</SyncOnce><MetaID>{B4175D0D-FD68-4615-AE88-57DDFCB8B363}</MetaID></Esri><idinfo><citation><citeinfo><onlink Sync="TRUE">\\Bmitre12\Mis Documentos\publicacion SHAPE\final\radios_censo_2010</onlink></citeinfo></citation></idinfo><distInfo><distributor><distorTran><onLineSrc><linkage Sync="TRUE">file://\\Bmitre12\Mis Documentos\publicacion SHAPE\final\radios_censo_2010</linkage><protocol Sync="TRUE">Local Area Network</protocol></onLineSrc></distorTran></distributor></distInfo><dataqual><lineage><procstep><procdesc Sync="TRUE">Dataset copied.</procdesc><srcused Sync="TRUE">\\Bmitre12\Mis Documentos\publicacion SHAPE\radios_censo_2010</srcused><procdate Sync="TRUE">20130228</procdate><proctime Sync="TRUE">15550700</proctime></procstep><procstep><procdesc Sync="TRUE">Dataset copied.</procdesc><srcused Sync="TRUE">C:\Cartografía\New Folder\radios_censo_2010</srcused><procdate Sync="TRUE">20130228</procdate><proctime Sync="TRUE">16001000</proctime></procstep></lineage></dataqual></metadata>
